{
  "Guid" : "5488559A-7FB1-44B0-9B0A-C9442B4CC60F",
  "Tags" : [

  ],
  "Ansi 12 Color" : {
    "Red Component" : 0.21176470816135406,
    "Color Space" : "sRGB",
    "Blue Component" : 0.96470588445663452,
    "Alpha Component" : 1,
    "Green Component" : 0.97647058963775635
  },
  "Use Non-ASCII Font" : false,
  "Draw Powerline Glyphs" : true,
  "Bold Color" : {
    "Red Component" : 0.94117647409439087,
    "Color Space" : "sRGB",
    "Blue Component" : 0.94509804248809814,
    "Alpha Component" : 1,
    "Green Component" : 0.93725490570068359
  },
  "Ansi 2 Color" : {
    "Red Component" : 0.44705882668495178,
    "Color Space" : "sRGB",
    "Blue Component" : 0.72156864404678345,
    "Alpha Component" : 1,
    "Green Component" : 0.94509804248809814
  },
  "Normal Font" : "MesloLGS-NF-Regular 16",
  "Ansi 3 Color" : {
    "Red Component" : 0.99607843160629272,
    "Color Space" : "sRGB",
    "Blue Component" : 0.364705890417099,
    "Alpha Component" : 1,
    "Green Component" : 0.87058824300765991
  },
  "Rows" : 25,
  "Default Bookmark" : "No",
  "Ansi 4 Color" : {
    "Red Component" : 0.42745098471641541,
    "Color Space" : "sRGB",
    "Blue Component" : 0.70196080207824707,
    "Alpha Component" : 1,
    "Green Component" : 0.46666666865348816
  },
  "Right Option Key Sends" : 0,
  "Cursor Guide Color" : {
    "Red Component" : 0.70213186740875244,
    "Color Space" : "sRGB",
    "Blue Component" : 1,
    "Alpha Component" : 0.25,
    "Green Component" : 0.9268307089805603
  },
  "Non-ASCII Anti Aliased" : true,
  "Use Bright Bold" : true,
  "Ansi 10 Color" : {
    "Red Component" : 0.44705882668495178,
    "Color Space" : "sRGB",
    "Blue Component" : 0.72156864404678345,
    "Alpha Component" : 1,
    "Green Component" : 0.94509804248809814
  },
  "Ambiguous Double Width" : false,
  "Jobs to Ignore" : [
    "rlogin",
    "ssh",
    "slogin",
    "telnet"
  ],
  "Ansi 15 Color" : {
    "Red Component" : 0.99607843160629272,
    "Color Space" : "sRGB",
    "Blue Component" : 0.99607843160629272,
    "Alpha Component" : 1,
    "Green Component" : 0.99607843160629272
  },
  "Foreground Color" : {
    "Red Component" : 0.94117647409439087,
    "Color Space" : "sRGB",
    "Blue Component" : 0.94509804248809814,
    "Alpha Component" : 1,
    "Green Component" : 0.93725490570068359
  },
  "Working Directory" : "\/Users\/gambo",
  "Blinking Cursor" : false,
  "Disable Window Resizing" : true,
  "Sync Title" : false,
  "Prompt Before Closing 2" : false,
  "BM Growl" : true,
  "Mouse Reporting" : true,
  "Command" : "",
  "Description" : "Default",
  "Screen" : -1,
  "Selection Color" : {
    "Red Component" : 0.094117648899555206,
    "Color Space" : "sRGB",
    "Blue Component" : 0.12941177189350128,
    "Alpha Component" : 1,
    "Green Component" : 0.08235294371843338
  },
  "Columns" : 80,
  "Idle Code" : 0,
  "Ansi 13 Color" : {
    "Red Component" : 0.88235294818878174,
    "Color Space" : "sRGB",
    "Blue Component" : 1,
    "Alpha Component" : 1,
    "Green Component" : 0.67450982332229614
  },
  "Custom Command" : "No",
  "ASCII Anti Aliased" : true,
  "Non Ascii Font" : "Monaco 12",
  "Vertical Spacing" : 1,
  "Use Bold Font" : true,
  "Option Key Sends" : 0,
  "Selected Text Color" : {
    "Red Component" : 0.94117647409439087,
    "Color Space" : "sRGB",
    "Blue Component" : 0.94509804248809814,
    "Alpha Component" : 1,
    "Green Component" : 0.93725490570068359
  },
  "Background Color" : {
    "Red Component" : 0.16470588743686676,
    "Color Space" : "sRGB",
    "Blue Component" : 0.22352941334247589,
    "Alpha Component" : 1,
    "Green Component" : 0.12941177189350128
  },
  "Character Encoding" : 4,
  "Ansi 11 Color" : {
    "Red Component" : 1,
    "Color Space" : "sRGB",
    "Blue Component" : 0.31764706969261169,
    "Alpha Component" : 1,
    "Green Component" : 0.97647058963775635
  },
  "Use Italic Font" : true,
  "Unlimited Scrollback" : false,
  "Keyboard Map" : {
    "0xf700-0x260000" : {
      "Action" : 10,
      "Text" : "[1;6A"
    },
    "0x37-0x40000" : {
      "Action" : 11,
      "Text" : "0x1f"
    },
    "0x32-0x40000" : {
      "Action" : 11,
      "Text" : "0x00"
    },
    "0xf709-0x20000" : {
      "Action" : 10,
      "Text" : "[17;2~"
    },
    "0xf70c-0x20000" : {
      "Action" : 10,
      "Text" : "[20;2~"
    },
    "0xf729-0x20000" : {
      "Action" : 10,
      "Text" : "[1;2H"
    },
    "0xf72b-0x40000" : {
      "Action" : 10,
      "Text" : "[1;5F"
    },
    "0xf705-0x20000" : {
      "Action" : 10,
      "Text" : "[1;2Q"
    },
    "0xf703-0x260000" : {
      "Action" : 10,
      "Text" : "[1;6C"
    },
    "0xf700-0x220000" : {
      "Action" : 10,
      "Text" : "[1;2A"
    },
    "0xf701-0x280000" : {
      "Action" : 11,
      "Text" : "0x1b 0x1b 0x5b 0x42"
    },
    "0x38-0x40000" : {
      "Action" : 11,
      "Text" : "0x7f"
    },
    "0x33-0x40000" : {
      "Action" : 11,
      "Text" : "0x1b"
    },
    "0xf703-0x220000" : {
      "Action" : 10,
      "Text" : "[1;2C"
    },
    "0xf701-0x240000" : {
      "Action" : 10,
      "Text" : "[1;5B"
    },
    "0xf70d-0x20000" : {
      "Action" : 10,
      "Text" : "[21;2~"
    },
    "0xf702-0x260000" : {
      "Action" : 10,
      "Text" : "[1;6D"
    },
    "0xf729-0x40000" : {
      "Action" : 10,
      "Text" : "[1;5H"
    },
    "0xf706-0x20000" : {
      "Action" : 10,
      "Text" : "[1;2R"
    },
    "0x34-0x40000" : {
      "Action" : 11,
      "Text" : "0x1c"
    },
    "0xf700-0x280000" : {
      "Action" : 11,
      "Text" : "0x1b 0x1b 0x5b 0x41"
    },
    "0x2d-0x40000" : {
      "Action" : 11,
      "Text" : "0x1f"
    },
    "0xf70e-0x20000" : {
      "Action" : 10,
      "Text" : "[23;2~"
    },
    "0xf702-0x220000" : {
      "Action" : 10,
      "Text" : "[1;2D"
    },
    "0xf703-0x280000" : {
      "Action" : 11,
      "Text" : "0x1b 0x1b 0x5b 0x43"
    },
    "0xf700-0x240000" : {
      "Action" : 10,
      "Text" : "[1;5A"
    },
    "0xf707-0x20000" : {
      "Action" : 10,
      "Text" : "[1;2S"
    },
    "0xf70a-0x20000" : {
      "Action" : 10,
      "Text" : "[18;2~"
    },
    "0x35-0x40000" : {
      "Action" : 11,
      "Text" : "0x1d"
    },
    "0xf70f-0x20000" : {
      "Action" : 10,
      "Text" : "[24;2~"
    },
    "0xf703-0x240000" : {
      "Action" : 10,
      "Text" : "[1;5C"
    },
    "0xf701-0x260000" : {
      "Action" : 10,
      "Text" : "[1;6B"
    },
    "0xf702-0x280000" : {
      "Action" : 11,
      "Text" : "0x1b 0x1b 0x5b 0x44"
    },
    "0xf72b-0x20000" : {
      "Action" : 10,
      "Text" : "[1;2F"
    },
    "0x36-0x40000" : {
      "Action" : 11,
      "Text" : "0x1e"
    },
    "0xf708-0x20000" : {
      "Action" : 10,
      "Text" : "[15;2~"
    },
    "0xf701-0x220000" : {
      "Action" : 10,
      "Text" : "[1;2B"
    },
    "0xf70b-0x20000" : {
      "Action" : 10,
      "Text" : "[19;2~"
    },
    "0xf702-0x240000" : {
      "Action" : 10,
      "Text" : "[1;5D"
    },
    "0xf704-0x20000" : {
      "Action" : 10,
      "Text" : "[1;2P"
    }
  },
  "Window Type" : 0,
  "Cursor Boost" : 0,
  "Blink Allowed" : false,
  "Background Image Location" : "",
  "Blur" : false,
  "Badge Color" : {
    "Red Component" : 0.97647058963775635,
    "Color Space" : "sRGB",
    "Blue Component" : 0.44705882668495178,
    "Alpha Component" : 0.7692718505859375,
    "Green Component" : 0.49411764740943909
  },
  "Scrollback Lines" : 100000,
  "Send Code When Idle" : false,
  "Close Sessions On End" : true,
  "Terminal Type" : "xterm-256color",
  "Visual Bell" : true,
  "Flashing Bell" : false,
  "Silence Bell" : true,
  "Ansi 14 Color" : {
    "Red Component" : 0.97647058963775635,
    "Color Space" : "sRGB",
    "Blue Component" : 0.67843139171600342,
    "Alpha Component" : 1,
    "Green Component" : 0.16470588743686676
  },
  "ASCII Ligatures" : false,
  "Name" : "Default",
  "Cursor Text Color" : {
    "Red Component" : 0.10000000149011612,